{
    "Data": {
        "Enemies": "{\"enemies\":[{\"name\":\"Cyberbird\",\"hp\":50,\"damage\":5,\"xp\":25},{\"name\":\"Dreadrat\",\"hp\":200,\"damage\":20,\"xp\":100},{\"name\":\"Egggsbawks\",\"hp\":150,\"damage\":15,\"xp\":50}],\"enemyGroups\":[{\"name\":\"easy\",\"enemies\":[\"Cyberbird\",\"Cyberbird\"],\"droptable\":\"enemy-easy\"},{\"name\":\"medium\",\"enemies\":[\"Cyberbird\",\"Egggsbawks\",\"Cyberbird\"],\"droptable\":\"enemy-medium\"},{\"name\":\"hard\",\"enemies\":[\"Dreadrat\",\"Cyberbird\",\"Egggsbawks\"],\"droptable\":\"enemy-hard\"},{\"name\":\"boss\",\"enemies\":[\"Dreadrat\",\"Dreadrat\",\"Egggsbawks\",\"Cyberbird\"],\"droptable\":\"enemy-hard\"}]}",
        "Levels": "[{\"level\":1,\"xp\":100,\"hpGranted\":0,\"itemGranted\":null},{\"level\":2,\"xp\":224,\"hpGranted\":5,\"itemGranted\":null},{\"level\":3,\"xp\":378,\"hpGranted\":11,\"itemGranted\":null},{\"level\":4,\"xp\":567,\"hpGranted\":17,\"itemGranted\":null},{\"level\":5,\"xp\":797,\"hpGranted\":23,\"itemGranted\":null},{\"level\":6,\"xp\":1076,\"hpGranted\":28,\"itemGranted\":null},{\"level\":7,\"xp\":1413,\"hpGranted\":34,\"itemGranted\":null},{\"level\":8,\"xp\":1818,\"hpGranted\":40,\"itemGranted\":null},{\"level\":9,\"xp\":2302,\"hpGranted\":46,\"itemGranted\":null},{\"level\":10,\"xp\":2880,\"hpGranted\":51,\"itemGranted\":null},{\"level\":11,\"xp\":3567,\"hpGranted\":57,\"itemGranted\":null},{\"level\":12,\"xp\":4383,\"hpGranted\":63,\"itemGranted\":null},{\"level\":13,\"xp\":5349,\"hpGranted\":69,\"itemGranted\":null},{\"level\":14,\"xp\":6490,\"hpGranted\":74,\"itemGranted\":null},{\"level\":15,\"xp\":7836,\"hpGranted\":80,\"itemGranted\":null},{\"level\":16,\"xp\":9420,\"hpGranted\":86,\"itemGranted\":null},{\"level\":17,\"xp\":11282,\"hpGranted\":92,\"itemGranted\":null},{\"level\":18,\"xp\":13468,\"hpGranted\":97,\"itemGranted\":null},{\"level\":19,\"xp\":16031,\"hpGranted\":103,\"itemGranted\":null},{\"level\":20,\"xp\":19032,\"hpGranted\":109,\"itemGranted\":null},{\"level\":21,\"xp\":22541,\"hpGranted\":115,\"itemGranted\":null},{\"level\":22,\"xp\":26641,\"hpGranted\":120,\"itemGranted\":null},{\"level\":23,\"xp\":31427,\"hpGranted\":126,\"itemGranted\":null},{\"level\":24,\"xp\":37009,\"hpGranted\":132,\"itemGranted\":null},{\"level\":25,\"xp\":43514,\"hpGranted\":138,\"itemGranted\":null},{\"level\":26,\"xp\":51089,\"hpGranted\":143,\"itemGranted\":null},{\"level\":27,\"xp\":59903,\"hpGranted\":149,\"itemGranted\":null},{\"level\":28,\"xp\":70153,\"hpGranted\":155,\"itemGranted\":null},{\"level\":29,\"xp\":82065,\"hpGranted\":161,\"itemGranted\":null},{\"level\":30,\"xp\":95901,\"hpGranted\":166,\"itemGranted\":null},{\"level\":31,\"xp\":111962,\"hpGranted\":172,\"itemGranted\":null},{\"level\":32,\"xp\":130598,\"hpGranted\":178,\"itemGranted\":null},{\"level\":33,\"xp\":152211,\"hpGranted\":184,\"itemGranted\":null},{\"level\":34,\"xp\":177265,\"hpGranted\":189,\"itemGranted\":null},{\"level\":35,\"xp\":206296,\"hpGranted\":195,\"itemGranted\":null},{\"level\":36,\"xp\":239923,\"hpGranted\":201,\"itemGranted\":null},{\"level\":37,\"xp\":278858,\"hpGranted\":207,\"itemGranted\":null},{\"level\":38,\"xp\":323924,\"hpGranted\":212,\"itemGranted\":null},{\"level\":39,\"xp\":376069,\"hpGranted\":218,\"itemGranted\":null},{\"level\":40,\"xp\":436386,\"hpGranted\":224,\"itemGranted\":null},{\"level\":41,\"xp\":506135,\"hpGranted\":230,\"itemGranted\":null},{\"level\":42,\"xp\":586770,\"hpGranted\":235,\"itemGranted\":null},{\"level\":43,\"xp\":679964,\"hpGranted\":241,\"itemGranted\":null},{\"level\":44,\"xp\":787648,\"hpGranted\":247,\"itemGranted\":null},{\"level\":45,\"xp\":912045,\"hpGranted\":253,\"itemGranted\":null},{\"level\":46,\"xp\":1055718,\"hpGranted\":258,\"itemGranted\":null},{\"level\":47,\"xp\":1221618,\"hpGranted\":264,\"itemGranted\":null},{\"level\":48,\"xp\":1413147,\"hpGranted\":270,\"itemGranted\":null},{\"level\":49,\"xp\":1634222,\"hpGranted\":276,\"itemGranted\":null},{\"level\":50,\"xp\":1889355,\"hpGranted\":281,\"itemGranted\":null}]",
        "Planets": "{\"planets\":[{\"name\":\"Earth\",\"areas\":[{\"name\":\"Canada\",\"enemyGroups\":[\"easy\",\"easy\",\"medium\"]},{\"name\":\"Redmond\",\"enemyGroups\":[\"easy\",\"easy\",\"medium\"]},{\"name\":\"Yosemite\",\"enemyGroups\":[\"easy\",\"hard\",\"medium\"]},{\"name\":\"Red Rock\",\"enemyGroups\":[\"hard\",\"boss\",\"medium\"]}]},{\"name\":\"Mars\",\"areas\":[{\"name\":\"Elysium\",\"enemyGroups\":[\"easy\",\"easy\",\"medium\"]},{\"name\":\"Argyre Basin\",\"enemyGroups\":[\"easy\",\"medium\",\"medium\"]},{\"name\":\"Tharsis Rise\",\"enemyGroups\":[\"easy\",\"medium\",\"medium\"]},{\"name\":\"Tempe Terra\",\"enemyGroups\":[\"easy\",\"boss\",\"medium\"]}]},{\"name\":\"Venus\",\"areas\":[{\"name\":\"Freyja Montes\",\"enemyGroups\":[\"easy\",\"easy\",\"medium\"]},{\"name\":\"Akna\",\"enemyGroups\":[\"easy\",\"medium\",\"medium\"]},{\"name\":\"Ishtar Terra\",\"enemyGroups\":[\"boss\",\"hard\",\"boss\"]}]},{\"name\":\"Pluto\",\"areas\":[{\"name\":\"Macula\",\"enemyGroups\":[\"easy\",\"medium\",\"medium\"]},{\"name\":\"Balrog\",\"enemyGroups\":[\"easy\",\"easy\",\"medium\"]},{\"name\":\"Cthulhu\",\"enemyGroups\":[\"hard\",\"boss\",\"medium\"]}]}]}",
        "Stores": "[\"Weapons\", \"Armor\"]"
    }
}